GET,localhost:3000,HTTP/1.1,/api/v1/records,[::1]:50449,
GET,localhost:3000,HTTP/1.1,/api/v1/records,[::1]:50901,
GET,localhost:3000,HTTP/1.1,/api/v1/records,[::1]:50901,
GET,localhost:3000,HTTP/1.1,/api/v1/records,[::1]:50901,
GET,localhost:3000,HTTP/1.1,/api/v1/records,[::1]:50901,
GET,localhost:3000,HTTP/1.1,/api/v1/records,[::1]:50901,
GET,localhost:3000,HTTP/1.1,/api/v1/records,[::1]:50901,
GET,localhost:3000,HTTP/1.1,/api/v1/records,[::1]:50901,
GET,localhost:3000,HTTP/1.1,/api/v1/records,[::1]:50901,
GET,localhost:3000,HTTP/1.1,/api/v1/records,[::1]:50901,
GET,localhost:3000,HTTP/1.1,/api/v1/records,[::1]:50901,
GET,localhost:3000,HTTP/1.1,/api/v1/records,[::1]:56252,
GET,localhost:3000,HTTP/1.1,/api/v1/records,[::1]:50901,
GET,localhost:3000,HTTP/1.1,/api/v1/records,[::1]:50901,
GET,localhost:3000,HTTP/1.1,/api/v1/records,[::1]:50901,
GET,localhost:3000,HTTP/1.1,/api/v1/records,[::1]:50901,
GET,localhost:3000,HTTP/1.1,/api/v1/records,[::1]:50901,
GET,localhost:3000,HTTP/1.1,/api/v1/records,[::1]:50901,
GET,localhost:3000,HTTP/1.1,/api/v1/records,[::1]:50901,
GET,localhost:3000,HTTP/1.1,/api/v1/records,[::1]:52351,
GET,localhost:3000,HTTP/1.1,/api/v1/records,[::1]:52351,
GET,localhost:3000,HTTP/1.1,/api/v1/records,[::1]:52351,
GET,localhost:3000,HTTP/1.1,/api/v1/records,[::1]:52351,
GET,localhost:3000,HTTP/1.1,/api/v1/records,[::1]:52351,
GET,localhost:3000,HTTP/1.1,/api/v1/records,[::1]:52351,
GET,localhost:3000,HTTP/1.1,/api/v1/records,[::1]:52351,
GET,localhost:3000,HTTP/1.1,/api/v1/records,[::1]:52351,
GET,localhost:3000,HTTP/1.1,/api/v1/records,[::1]:52351,
GET,localhost:3000,HTTP/1.1,/api/v1/records,[::1]:52351,
GET,localhost:3000,HTTP/1.1,/api/v1/records,[::1]:52351,
GET,localhost:3000,HTTP/1.1,/api/v1/records,[::1]:52351,
GET,localhost:3000,HTTP/1.1,/api/v1/records,[::1]:52351,
GET,localhost:3000,HTTP/1.1,/api/v1/records,[::1]:52351,
GET,localhost:3000,HTTP/1.1,/api/v1/records,[::1]:52351,
GET,localhost:3000,HTTP/1.1,/api/v1/records,[::1]:52351,
GET,localhost:3000,HTTP/1.1,/api/v1/records,[::1]:52351,
GET,localhost:3000,HTTP/1.1,/api/v1/records,[::1]:52351,
GET,localhost:3000,HTTP/1.1,/api/v1/records,[::1]:52351,
GET,localhost:3000,HTTP/1.1,/api/v1/records,[::1]:52351,
GET,localhost:3000,HTTP/1.1,/api/v1/records,[::1]:52351,
GET,localhost:3000,HTTP/1.1,/api/v1/records,[::1]:52351,
GET,localhost:3000,HTTP/1.1,/api/v1/records,[::1]:52351,
GET,localhost:3000,HTTP/1.1,/api/v1/records,[::1]:52351,
GET,localhost:3000,HTTP/1.1,/api/v1/records,[::1]:52351,
GET,localhost:3000,HTTP/1.1,/api/v1/records,[::1]:52351,
GET,localhost:3000,HTTP/1.1,/api/v1/records,[::1]:52351,
GET,localhost:3000,HTTP/1.1,/api/v1/records,[::1]:61814,
GET,localhost:3000,HTTP/1.1,/api/v1/records,[::1]:61814,
GET,localhost:3000,HTTP/1.1,/api/v1/records,[::1]:61814,
GET,localhost:3000,HTTP/1.1,/api/v1/records,[::1]:52277,
GET,localhost:3000,HTTP/1.1,/api/v1/records,[::1]:52277,
GET,localhost:3000,HTTP/1.1,/api/v1/records,[::1]:52277,
GET,localhost:3000,HTTP/1.1,/api/v1/records,[::1]:52277,
GET,localhost:3000,HTTP/1.1,/api/v1/records,[::1]:52277,
GET,localhost:3000,HTTP/1.1,/api/v1/records,[::1]:52277,
GET,localhost:3000,HTTP/1.1,/api/v1/records,[::1]:52277,
GET,localhost:3000,HTTP/1.1,/api/v1/records,[::1]:52277,
GET,localhost:3000,HTTP/1.1,/api/v1/records,[::1]:53452,
GET,localhost:3000,HTTP/1.1,/api/v1/records,[::1]:54193,
GET,localhost:3000,HTTP/1.1,/api/v1/records,[::1]:54193,
GET,localhost:3000,HTTP/1.1,/api/v1/records,[::1]:54193,
GET,localhost:3000,HTTP/1.1,/api/v1/records,[::1]:54193,
GET,localhost:3000,HTTP/1.1,/api/v1/records,[::1]:54193,
GET,localhost:3000,HTTP/1.1,/api/v1/records,[::1]:54193,
GET,localhost:3000,HTTP/1.1,/api/v1/records,[::1]:54193,
GET,localhost:3000,HTTP/1.1,/api/v1/records,[::1]:54193,
GET,localhost:3000,HTTP/1.1,/api/v1/records,[::1]:54193,
GET,localhost:3000,HTTP/1.1,/api/v1/records,[::1]:54193,
GET,localhost:3000,HTTP/1.1,/api/v1/records,[::1]:54193,
GET,localhost:3000,HTTP/1.1,/api/v1/records,[::1]:54193,
GET,localhost:3000,HTTP/1.1,/api/v1/records,[::1]:54193,
GET,localhost:3000,HTTP/1.1,/api/v1/records,[::1]:54193,
GET,localhost:3000,HTTP/1.1,/api/v1/records,[::1]:54193,
GET,localhost:3000,HTTP/1.1,/api/v1/records,[::1]:54193,
GET,localhost:3000,HTTP/1.1,/api/v1/records,[::1]:54193,
GET,localhost:3000,HTTP/1.1,/api/v1/records,[::1]:54193,
GET,localhost:3000,HTTP/1.1,/api/v1/records,[::1]:54193,
GET,localhost:3000,HTTP/1.1,/api/v1/records,[::1]:54193,
GET,localhost:3000,HTTP/1.1,/api/v1/records,[::1]:57950,
GET,localhost:3000,HTTP/1.1,/api/v1/records,[::1]:57950,
GET,localhost:3000,HTTP/1.1,/api/v1/records,[::1]:57950,
GET,localhost:3000,HTTP/1.1,/api/v1/records,[::1]:57950,
GET,localhost:3000,HTTP/1.1,/api/v1/records,[::1]:62613,
GET,localhost:3000,HTTP/1.1,/api/v1/records,[::1]:62613,
GET,localhost:3000,HTTP/1.1,/api/v1/records,[::1]:62613,
GET,localhost:3000,HTTP/1.1,/api/v1/records,[::1]:62613,
GET,localhost:3000,HTTP/1.1,/api/v1/records,[::1]:49764,
GET,localhost:3000,HTTP/1.1,/api/v1/records,[::1]:49764,
GET,localhost:3000,HTTP/1.1,/api/v1/records,[::1]:49764,
GET,localhost:3000,HTTP/1.1,/api/v1/records,[::1]:64432,
GET,localhost:3000,HTTP/1.1,/api/v1/records,[::1]:51457,
GET,localhost:3000,HTTP/1.1,/api/v1/records,[::1]:51457,
GET,localhost:3000,HTTP/1.1,/api/v1/records,[::1]:51457,
GET,localhost:3000,HTTP/1.1,/api/v1/records,[::1]:51457,
GET,localhost:3000,HTTP/1.1,/api/v1/records,[::1]:51457,
GET,localhost:3000,HTTP/1.1,/api/v1/records,[::1]:51457,
GET,localhost:3000,HTTP/1.1,/api/v1/records,[::1]:51457,
GET,localhost:3000,HTTP/1.1,/api/v1/records,[::1]:51457,
GET,localhost:3000,HTTP/1.1,/api/v1/records,[::1]:51457,
GET,localhost:3000,HTTP/1.1,/api/v1/records,[::1]:51457,
GET,localhost:3000,HTTP/1.1,/api/v1/records,[::1]:65033,
